,Deciles,pred_sales,ln_totalspend
0,9,52967.31159389681,10.477705040935087
1,8,28616.16769170138,10.13617786211964
2,7,21067.91900184762,10.173764285287506
3,6,17295.56657976912,9.584892530972663
4,5,14462.308675478069,9.509623847163946
5,4,12380.042103214206,9.670642470906047
6,3,10803.573625616411,9.281626669503261
7,2,9286.296461004122,9.292368173305187
8,1,7598.445315861457,9.149800145699603
9,0,5433.402920148819,8.686857183898825
