,Deciles,pred_sales,ln_totalspend
0,9,52444.328419081205,10.831688561429562
1,8,29626.407507633674,10.192703026325498
2,7,21562.614332532336,10.038908440500569
3,6,17577.192233525562,9.821628667471545
4,5,14902.55672495123,9.656175610450438
5,4,12712.47939438586,9.546090823865407
6,3,10991.592226383678,9.209460051722077
7,2,9316.923400061132,9.069203538404365
8,1,7714.630854871909,9.020864994656268
9,0,5395.9652885111955,8.514369423198083
